,first_value,first_index,last_value,last_index
0,7.513152617482637,0,0.8971855609944477,1935
