,first_value,first_index,last_value,last_index
0,7.513152617482637,0,8.207922393638169,2211
