,first_value,first_index,last_value,last_index
0,1831.97998046875,0,2661.2998046875,1935
