,first_value,first_index,last_value,last_index
0,1831.97998046875,0,3669.909912109375,2211
